insert into jiraissue (ID, issuenum, PROJECT, REPORTER, ASSIGNEE, issuetype, SUMMARY, DESCRIPTION, ENVIRONMENT, PRIORITY, RESOLUTION, issuestatus, CREATED, UPDATED, DUEDATE, VOTES, TIMEORIGINALESTIMATE, TIMEESTIMATE, TIMESPENT, WORKFLOW_ID, SECURITY, FIXFOR, COMPONENT, RESOLUTIONDATE, WATCHES) values('11432','41','10074','xsintive','fdaugan','2','Gestion des vues dans la doc technique','Lors de la transformation du modèle en document Word, serait-il possible de  : \n\nCréer une section Vues dans le document Word.\n\nCette section regroupera tous les objets possédant, entre autres, le stéréotype \"view\" défini dans le PIM. Ces objets ne devront plus être présent dans la section regroupant les \"do\" (alors qu ils peuvent en posséder le stéréotype).\nCes objets \"view\" auront des liens d utilisations (\"use\") vers d autres objets du modèle (éventuellement stéréotypés \"view\") afin de préciser sur quels objets repose leur construction. \nIl se peut que les objets référencés n aient pas de stéréotypes.\n\nL ajout de stéréotype \"view\" ne changera en rien la génération Java du modèle.\n\n',NULL,'4',NULL,'1','2009-07-09 08:45:33','2009-12-09 20:26:49',NULL,'0',NULL,NULL,NULL,'20258',NULL,NULL,NULL,NULL,'0');
insert into jiraissue (ID, issuenum, PROJECT, REPORTER, ASSIGNEE, issuetype, SUMMARY, DESCRIPTION, ENVIRONMENT, PRIORITY, RESOLUTION, issuestatus, CREATED, UPDATED, DUEDATE, VOTES, TIMEORIGINALESTIMATE, TIMEESTIMATE, TIMESPENT, WORKFLOW_ID, SECURITY, FIXFOR, COMPONENT, RESOLUTIONDATE, WATCHES) values('13420','207','10074','fdaugan','alocquet','2','Outil de complétion des diagrammes de séquence par des référence de diagramme','Afin de faciliter la navigation dans les diagrammes de séquence, compléter sur demande les diagrammes de séquence existant par des références.\nAinsi par un double clic, il sera possible d accéder directement au diagramme de séquence de l opération appelé, et ainsi pouvoir passer en revue toute la chaîne d appel.',NULL,'4',NULL,'1','2009-12-10 16:40:23','2009-12-18 17:03:24',NULL,'0',NULL,NULL,NULL,'20282',NULL,NULL,NULL,NULL,'0');
insert into jiraissue (ID, issuenum, PROJECT, REPORTER, ASSIGNEE, issuetype, SUMMARY, DESCRIPTION, ENVIRONMENT, PRIORITY, RESOLUTION, issuestatus, CREATED, UPDATED, DUEDATE, VOTES, TIMEORIGINALESTIMATE, TIMEESTIMATE, TIMESPENT, WORKFLOW_ID, SECURITY, FIXFOR, COMPONENT, RESOLUTIONDATE, WATCHES) values('13402','1','10074','fdaugan','fdaugan','1','Mise à disposition d un update site pour RSM 7.0.0.4','Demande de mise à disposition d un update site disponible depuis Help -> Updates -> Install new Feature',NULL,'3','1','6','2009-03-23 15:26:43','2011-09-22 09:25:47',NULL,'0',NULL,NULL,NULL,'18951','10020',NULL,NULL,'2011-08-04 22:37:06','0');
insert into jiraissue (ID, issuenum, PROJECT, REPORTER, ASSIGNEE, issuetype, SUMMARY, DESCRIPTION, ENVIRONMENT, PRIORITY, RESOLUTION, issuestatus, CREATED, UPDATED, DUEDATE, VOTES, TIMEORIGINALESTIMATE, TIMEESTIMATE, TIMESPENT, WORKFLOW_ID, SECURITY, FIXFOR, COMPONENT, RESOLUTIONDATE, WATCHES) values('11538','4','10074','xsintive','fdaugan','1','Génération hbm.xml : type des clés composite n-x','En fait la version actuelle est la 3.1.13\n\nDans Jour.hbm\n\n<set name=\"periodeScolaire\" table=\"RF_PERIODESCOLAIRE_JOUR_JOUR\">\n\n                  <key>\n\n                        <column name=\"JOUR_DATE_CALENDRIER\"/>\n\n                  </key>\n\n                  <many-to-many class=\"fr.stime.model.PeriodeScolaire\">\n\n                        <column name=\"PERIODESCOLAIRE\" sql-type=\"integer\" />\n\n                  </many-to-many>\n\n            </set>\n\n            <set name=\"coefficientsCorrecteurs\" table=\"RF_COEFFICIENTSCORRECTEURS_FE1\">\n\n                  <key>\n\n                        <column name=\"JOUR_DATE_CALENDRIER\"/>\n\n                  </key>\n\n                  <many-to-many class=\"fr.stime.model.CoefficientCorrecteur\">\n\n                        <column name=\"COEFFICIENTSCORRECTEURS\" sql-type=\"integer\" />\n\n                  </many-to-many>\n\n            </set>\n\n            <set name=\"exForEtablissements\" table=\"RF_JOUR_ETABLISSEMENT_EX_F_784\">\n\n                  <key>\n\n                        <column name=\"JOUR_DATE_CALENDRIER\"/>\n\n                  </key>\n\n                  <many-to-many unique=\"true\" class=\"fr.stime.model.Etablissement\">\n\n                        <column name=\"ETABLISSEMENT_CODE\" sql-type=\"VARCHAR(3)\" />\n\n                  </many-to-many>\n\n            </set>\n\nSeul le 1er et 3ème  <set> sont incorrects : \n\ncreate table RF_PERIODESCOLAIRE_JOUR_JOUR (JOUR_DATE_CALENDRIER TIMESTAMP not null, PERIODESCOLAIRE integer not null, primary key (PERIODESCOLAIRE, JOUR_DATE_CALENDRIER));\n\ncreate table RF_COEFFICIENTSCORRECTEURS_FE1 (COEFFICIENTSCORRECTEURS integer not null, JOUR_DATE_CALENDRIER DATE not null, primary key (JOUR_DATE_CALENDRIER, COEFFICIENTSCORRECTEURS));\n\ncreate table RF_JOUR_ETABLISSEMENT_EX_F_784 (JOUR_DATE_CALENDRIER TIMESTAMP not null, ETABLISSEMENT_CODE VARCHAR(3) not null, primary key (JOUR_DATE_CALENDRIER, ETABLISSEMENT_CODE));\n\nalors que JOUR_DATE_CALENDRIER devrait être de type DATE;\n',NULL,'3','1','6','2009-03-23 16:23:31','2010-02-04 10:18:24',NULL,'0',NULL,NULL,NULL,'19001',NULL,NULL,NULL,'2009-09-09 11:00:23','0');
insert into jiraissue (ID, issuenum, PROJECT, REPORTER, ASSIGNEE, issuetype, SUMMARY, DESCRIPTION, ENVIRONMENT, PRIORITY, RESOLUTION, issuestatus, CREATED, UPDATED, DUEDATE, VOTES, TIMEORIGINALESTIMATE, TIMEESTIMATE, TIMESPENT, WORKFLOW_ID, SECURITY, FIXFOR, COMPONENT, RESOLUTIONDATE, WATCHES) values('13397','5','10074','egrosse','fdaugan','2','Création du stéréotype \"Label\"','Le stéréotype \"Label\" n existe pas et ne peut donc pas être rajouté à une \"Page\"\n  -> obligation pour le moment d utiliser le stéréotype \"Input\" en mode read only.',NULL,'4','1','6','2009-03-24 10:52:59','2009-09-09 10:58:47',NULL,'0',NULL,NULL,NULL,'20295',NULL,NULL,NULL,'2009-09-09 10:58:47','0');

insert  into component(ID,PROJECT,cname,description,URL,LEAD,ASSIGNEETYPE) values ('10000','10074','Javascript',NULL,NULL,NULL,'0');
insert  into component(ID,PROJECT,cname,description,URL,LEAD,ASSIGNEETYPE) values ('10001','10074','Java',NULL,NULL,NULL,'0');

insert  into projectversion(ID,PROJECT,vname,DESCRIPTION,SEQUENCE,RELEASED,ARCHIVED,URL,RELEASEDATE) values ('10092','10074','1.1.0','','3','true','true',NULL,'2009-09-15 00:00:00');
insert  into projectversion(ID,PROJECT,vname,DESCRIPTION,SEQUENCE,RELEASED,ARCHIVED,URL,RELEASEDATE) values ('10094','10074','1.2.0','','4','true','true',NULL,'2009-09-29 00:00:00');

insert into nodeassociation (SOURCE_NODE_ID, SOURCE_NODE_ENTITY, SINK_NODE_ID, SINK_NODE_ENTITY, ASSOCIATION_TYPE, SEQUENCE) values('11432','Issue','10092','Version','IssueVersion',NULL);
insert into nodeassociation (SOURCE_NODE_ID, SOURCE_NODE_ENTITY, SINK_NODE_ID, SINK_NODE_ENTITY, ASSOCIATION_TYPE, SEQUENCE) values('13420','Issue','10092','Version','IssueVersion',NULL);
insert into nodeassociation (SOURCE_NODE_ID, SOURCE_NODE_ENTITY, SINK_NODE_ID, SINK_NODE_ENTITY, ASSOCIATION_TYPE, SEQUENCE) values('13402','Issue','10094','Version','IssueVersion',NULL);
insert into nodeassociation (SOURCE_NODE_ID, SOURCE_NODE_ENTITY, SINK_NODE_ID, SINK_NODE_ENTITY, ASSOCIATION_TYPE, SEQUENCE) values('13420','Issue','10094','Version','IssueVersion',NULL);
insert into nodeassociation (SOURCE_NODE_ID, SOURCE_NODE_ENTITY, SINK_NODE_ID, SINK_NODE_ENTITY, ASSOCIATION_TYPE, SEQUENCE) values('11432','Issue','10092','Version','IssueFixVersion',NULL);
insert into nodeassociation (SOURCE_NODE_ID, SOURCE_NODE_ENTITY, SINK_NODE_ID, SINK_NODE_ENTITY, ASSOCIATION_TYPE, SEQUENCE) values('11538','Issue','10092','Version','IssueFixVersion',NULL);
insert into nodeassociation (SOURCE_NODE_ID, SOURCE_NODE_ENTITY, SINK_NODE_ID, SINK_NODE_ENTITY, ASSOCIATION_TYPE, SEQUENCE) values('13402','Issue','10094','Version','IssueFixVersion',NULL);
insert into nodeassociation (SOURCE_NODE_ID, SOURCE_NODE_ENTITY, SINK_NODE_ID, SINK_NODE_ENTITY, ASSOCIATION_TYPE, SEQUENCE) values('13397','Issue','10094','Version','IssueFixVersion',NULL);
insert into nodeassociation (SOURCE_NODE_ID, SOURCE_NODE_ENTITY, SINK_NODE_ID, SINK_NODE_ENTITY, ASSOCIATION_TYPE, SEQUENCE) values('11538','Issue','10094','Version','IssueFixVersion',NULL);
insert into nodeassociation (SOURCE_NODE_ID, SOURCE_NODE_ENTITY, SINK_NODE_ID, SINK_NODE_ENTITY, ASSOCIATION_TYPE, SEQUENCE) values('11432','Issue','10000','Component','IssueComponent',NULL);
insert into nodeassociation (SOURCE_NODE_ID, SOURCE_NODE_ENTITY, SINK_NODE_ID, SINK_NODE_ENTITY, ASSOCIATION_TYPE, SEQUENCE) values('11432','Issue','10001','Component','IssueComponent',NULL);
insert into nodeassociation (SOURCE_NODE_ID, SOURCE_NODE_ENTITY, SINK_NODE_ID, SINK_NODE_ENTITY, ASSOCIATION_TYPE, SEQUENCE) values('13420','Issue','10001','Component','IssueComponent',NULL);
insert into nodeassociation (SOURCE_NODE_ID, SOURCE_NODE_ENTITY, SINK_NODE_ID, SINK_NODE_ENTITY, ASSOCIATION_TYPE, SEQUENCE) values('13402','Issue','10000','Component','IssueComponent',NULL);
insert into nodeassociation (SOURCE_NODE_ID, SOURCE_NODE_ENTITY, SINK_NODE_ID, SINK_NODE_ENTITY, ASSOCIATION_TYPE, SEQUENCE) values('10074','Project','10025','WorkflowScheme','ProjectScheme',NULL);

insert into workflowschemeentity (ID, SCHEME, WORKFLOW, issuetype) values('10272','10025','CSN','0');
insert into workflowschemeentity (ID, SCHEME, WORKFLOW, issuetype) values('10302','10025','CSN','6');

insert into jiraworkflows (ID, workflowname, creatorname, DESCRIPTOR, ISLOCKED) values('10270','CSN',NULL,'<?xml version=\"1.0\" encoding=\"UTF-8\"?>\n<!DOCTYPE workflow PUBLIC \"-//OpenSymphony Group//DTD OSWorkflow 2.8//EN\" \"http://www.opensymphony.com/osworkflow/workflow_2_8.dtd\">\n<workflow>\n  <meta name=\"jira.update.author.name\">administrateur</meta>\n  <meta name=\"jira.description\">The default JIRA workflow for CSN</meta>\n  <meta name=\"jira.updated.date\">1312384574634</meta>\n  <initial-actions>\n    <action id=\"1\" name=\"Create Issue\">\n      <meta name=\"jira.i18n.title\">common.forms.create</meta>\n      <validators>\n        <validator name=\"\" type=\"class\">\n          <arg name=\"class.name\">com.atlassian.jira.workflow.validator.PermissionValidator</arg>\n          <arg name=\"permission\">Create Issue</arg>\n        </validator>\n      </validators>\n      <results>\n        <unconditional-result old-status=\"Finished\" status=\"Open\" step=\"1\">\n          <post-functions>\n            <function type=\"class\">\n              <arg name=\"class.name\">com.atlassian.jira.workflow.function.issue.IssueCreateFunction</arg>\n            </function>\n            <function type=\"class\">\n              <arg name=\"class.name\">com.atlassian.jira.workflow.function.issue.IssueReindexFunction</arg>\n            </function>\n            <function type=\"class\">\n              <arg name=\"class.name\">com.atlassian.jira.workflow.function.event.FireIssueEventFunction</arg>\n              <arg name=\"eventTypeId\">1</arg>\n            </function>\n          </post-functions>\n        </unconditional-result>\n      </results>\n    </action>\n  </initial-actions>\n  <common-actions>\n    <action id=\"2\" name=\"Close Issue\" view=\"resolveissue\">\n      <meta name=\"jira.i18n.submit\">closeissue.close</meta>\n      <meta name=\"jira.i18n.description\">closeissue.desc</meta>\n      <meta name=\"jira.i18n.title\">closeissue.title</meta>\n      <restrict-to>\n        <conditions type=\"AND\">\n          <condition type=\"class\">\n            <arg name=\"class.name\">com.atlassian.jira.workflow.condition.PermissionCondition</arg>\n            <arg name=\"permission\">Resolve Issue</arg>\n          </condition>\n          <condition type=\"class\">\n            <arg name=\"class.name\">com.atlassian.jira.workflow.condition.PermissionCondition</arg>\n            <arg name=\"permission\">Close Issue</arg>\n          </condition>\n        </conditions>\n      </restrict-to>\n      <results>\n        <unconditional-result old-status=\"Finished\" status=\"Closed\" step=\"6\">\n          <post-functions>\n            <function type=\"class\">\n              <arg name=\"class.name\">com.atlassian.jira.workflow.function.issue.UpdateIssueStatusFunction</arg>\n            </function>\n            <function type=\"class\">\n              <arg name=\"class.name\">com.atlassian.jira.workflow.function.misc.CreateCommentFunction</arg>\n            </function>\n            <function type=\"class\">\n              <arg name=\"class.name\">com.atlassian.jira.workflow.function.issue.GenerateChangeHistoryFunction</arg>\n            </function>\n            <function type=\"class\">\n              <arg name=\"class.name\">com.atlassian.jira.workflow.function.issue.IssueReindexFunction</arg>\n            </function>\n            <function type=\"class\">\n              <arg name=\"class.name\">com.atlassian.jira.workflow.function.event.FireIssueEventFunction</arg>\n              <arg name=\"eventTypeId\">5</arg>\n            </function>\n          </post-functions>\n        </unconditional-result>\n      </results>\n    </action>\n    <action id=\"3\" name=\"Reopen Issue\" view=\"commentassign\">\n      <meta name=\"jira.i18n.submit\">issue.operations.reopen.issue</meta>\n      <meta name=\"jira.i18n.description\">issue.operations.reopen.description</meta>\n      <meta name=\"jira.i18n.title\">issue.operations.reopen.issue</meta>\n      <restrict-to>\n        <conditions>\n          <condition type=\"class\">\n            <arg name=\"class.name\">com.atlassian.jira.workflow.condition.PermissionCondition</arg>\n            <arg name=\"permission\">Resolve Issue</arg>\n          </condition>\n        </conditions>\n      </restrict-to>\n      <results>\n        <unconditional-result old-status=\"Finished\" status=\"Reopened\" step=\"5\">\n          <post-functions>\n            <function type=\"class\">\n              <arg name=\"class.name\">com.atlassian.jira.workflow.function.issue.UpdateIssueFieldFunction</arg>\n              <arg name=\"field.value\"></arg>\n              <arg name=\"field.name\">resolution</arg>\n            </function>\n            <function type=\"class\">\n              <arg name=\"class.name\">com.atlassian.jira.workflow.function.issue.UpdateIssueStatusFunction</arg>\n            </function>\n            <function type=\"class\">\n              <arg name=\"class.name\">com.atlassian.jira.workflow.function.misc.CreateCommentFunction</arg>\n            </function>\n            <function type=\"class\">\n              <arg name=\"class.name\">com.atlassian.jira.workflow.function.issue.GenerateChangeHistoryFunction</arg>\n            </function>\n            <function type=\"class\">\n              <arg name=\"class.name\">com.atlassian.jira.workflow.function.issue.IssueReindexFunction</arg>\n            </function>\n            <function type=\"class\">\n              <arg name=\"class.name\">com.atlassian.jira.workflow.function.event.FireIssueEventFunction</arg>\n              <arg name=\"eventTypeId\">7</arg>\n            </function>\n          </post-functions>\n        </unconditional-result>\n      </results>\n    </action>\n    <action id=\"4\" name=\"Start Progress\">\n      <meta name=\"jira.i18n.title\">startprogress.title</meta>\n      <restrict-to>\n        <conditions>\n          <condition type=\"class\">\n            <arg name=\"class.name\">com.atlassian.jira.workflow.condition.AllowOnlyAssignee</arg>\n          </condition>\n        </conditions>\n      </restrict-to>\n      <results>\n        <unconditional-result old-status=\"Finished\" status=\"Underway\" step=\"3\">\n          <post-functions>\n            <function type=\"class\">\n              <arg name=\"class.name\">com.atlassian.jira.workflow.function.issue.UpdateIssueFieldFunction</arg>\n              <arg name=\"field.value\"></arg>\n              <arg name=\"field.name\">resolution</arg>\n            </function>\n            <function type=\"class\">\n              <arg name=\"class.name\">com.atlassian.jira.workflow.function.issue.UpdateIssueStatusFunction</arg>\n            </function>\n            <function type=\"class\">\n              <arg name=\"class.name\">com.atlassian.jira.workflow.function.misc.CreateCommentFunction</arg>\n            </function>\n            <function type=\"class\">\n              <arg name=\"class.name\">com.atlassian.jira.workflow.function.issue.GenerateChangeHistoryFunction</arg>\n            </function>\n            <function type=\"class\">\n              <arg name=\"class.name\">com.atlassian.jira.workflow.function.issue.IssueReindexFunction</arg>\n            </function>\n            <function type=\"class\">\n              <arg name=\"class.name\">com.atlassian.jira.workflow.function.event.FireIssueEventFunction</arg>\n              <arg name=\"eventTypeId\">11</arg>\n            </function>\n          </post-functions>\n        </unconditional-result>\n      </results>\n    </action>\n    <action id=\"5\" name=\"Resolve Issue\" view=\"resolveissue\">\n      <meta name=\"jira.i18n.submit\">resolveissue.resolve</meta>\n      <meta name=\"jira.i18n.description\">resolveissue.desc.line1</meta>\n      <meta name=\"jira.i18n.title\">resolveissue.title</meta>\n      <restrict-to>\n        <conditions>\n          <condition type=\"class\">\n            <arg name=\"class.name\">com.atlassian.jira.workflow.condition.PermissionCondition</arg>\n            <arg name=\"permission\">Resolve Issue</arg>\n          </condition>\n        </conditions>\n      </restrict-to>\n      <results>\n        <unconditional-result old-status=\"Finished\" status=\"Resolved\" step=\"4\">\n          <post-functions>\n            <function type=\"class\">\n              <arg name=\"class.name\">com.atlassian.jira.workflow.function.issue.UpdateIssueStatusFunction</arg>\n            </function>\n            <function type=\"class\">\n              <arg name=\"class.name\">com.atlassian.jira.workflow.function.misc.CreateCommentFunction</arg>\n            </function>\n            <function type=\"class\">\n              <arg name=\"class.name\">com.atlassian.jira.workflow.function.issue.GenerateChangeHistoryFunction</arg>\n            </function>\n            <function type=\"class\">\n              <arg name=\"class.name\">com.atlassian.jira.workflow.function.issue.IssueReindexFunction</arg>\n            </function>\n            <function type=\"class\">\n              <arg name=\"class.name\">com.atlassian.jira.workflow.function.event.FireIssueEventFunction</arg>\n              <arg name=\"eventTypeId\">4</arg>\n            </function>\n          </post-functions>\n        </unconditional-result>\n      </results>\n    </action>\n  </common-actions>\n  <steps>\n    <step id=\"1\" name=\"Open\">\n      <meta name=\"jira.status.id\">1</meta>\n      <actions>\n<common-action id=\"4\" />\n<common-action id=\"5\" />\n<common-action id=\"2\" />\n      </actions>\n    </step>\n    <step id=\"3\" name=\"In Progress\">\n      <meta name=\"jira.status.id\">3</meta>\n      <actions>\n<common-action id=\"5\" />\n<common-action id=\"2\" />\n        <action id=\"301\" name=\"Stop Progress\">\n          <meta name=\"jira.i18n.title\">stopprogress.title</meta>\n          <restrict-to>\n            <conditions>\n              <condition type=\"class\">\n                <arg name=\"class.name\">com.atlassian.jira.workflow.condition.AllowOnlyAssignee</arg>\n              </condition>\n            </conditions>\n          </restrict-to>\n          <results>\n            <unconditional-result old-status=\"Finished\" status=\"Assigned\" step=\"1\">\n              <post-functions>\n                <function type=\"class\">\n                  <arg name=\"class.name\">com.atlassian.jira.workflow.function.issue.UpdateIssueFieldFunction</arg>\n                  <arg name=\"field.value\"></arg>\n                  <arg name=\"field.name\">resolution</arg>\n                </function>\n                <function type=\"class\">\n                  <arg name=\"class.name\">com.atlassian.jira.workflow.function.issue.UpdateIssueStatusFunction</arg>\n                </function>\n                <function type=\"class\">\n                  <arg name=\"class.name\">com.atlassian.jira.workflow.function.misc.CreateCommentFunction</arg>\n                </function>\n                <function type=\"class\">\n                  <arg name=\"class.name\">com.atlassian.jira.workflow.function.issue.GenerateChangeHistoryFunction</arg>\n                </function>\n                <function type=\"class\">\n                  <arg name=\"class.name\">com.atlassian.jira.workflow.function.issue.IssueReindexFunction</arg>\n                </function>\n                <function type=\"class\">\n                  <arg name=\"class.name\">com.atlassian.jira.workflow.function.event.FireIssueEventFunction</arg>\n                  <arg name=\"eventTypeId\">12</arg>\n                </function>\n              </post-functions>\n            </unconditional-result>\n          </results>\n        </action>\n        <action id=\"751\" name=\"Waiting for ...\">\n          <meta name=\"jira.description\"></meta>\n          <results>\n            <unconditional-result old-status=\"Not Done\" status=\"Done\" step=\"7\">\n              <post-functions>\n                <function type=\"class\">\n                  <arg name=\"class.name\">com.atlassian.jira.workflow.function.issue.UpdateIssueStatusFunction</arg>\n                </function>\n                <function type=\"class\">\n                  <arg name=\"class.name\">com.atlassian.jira.workflow.function.misc.CreateCommentFunction</arg>\n                </function>\n                <function type=\"class\">\n                  <arg name=\"class.name\">com.atlassian.jira.workflow.function.issue.GenerateChangeHistoryFunction</arg>\n                </function>\n                <function type=\"class\">\n                  <arg name=\"class.name\">com.atlassian.jira.workflow.function.issue.IssueReindexFunction</arg>\n                </function>\n                <function type=\"class\">\n                  <arg name=\"class.name\">com.atlassian.jira.workflow.function.event.FireIssueEventFunction</arg>\n                  <arg name=\"eventTypeId\">13</arg>\n                </function>\n              </post-functions>\n            </unconditional-result>\n          </results>\n        </action>\n        <action id=\"761\" name=\"Resolve Design\">\n          <meta name=\"jira.description\"></meta>\n          <results>\n            <unconditional-result old-status=\"Not Done\" status=\"Done\" step=\"8\">\n              <post-functions>\n                <function type=\"class\">\n                  <arg name=\"class.name\">com.atlassian.jira.workflow.function.issue.UpdateIssueStatusFunction</arg>\n                </function>\n                <function type=\"class\">\n                  <arg name=\"class.name\">com.atlassian.jira.workflow.function.misc.CreateCommentFunction</arg>\n                </function>\n                <function type=\"class\">\n                  <arg name=\"class.name\">com.atlassian.jira.workflow.function.issue.GenerateChangeHistoryFunction</arg>\n                </function>\n                <function type=\"class\">\n                  <arg name=\"class.name\">com.atlassian.jira.workflow.function.issue.IssueReindexFunction</arg>\n                </function>\n                <function type=\"class\">\n                  <arg name=\"class.name\">com.atlassian.jira.workflow.function.event.FireIssueEventFunction</arg>\n                  <arg name=\"eventTypeId\">13</arg>\n                </function>\n              </post-functions>\n            </unconditional-result>\n          </results>\n        </action>\n      </actions>\n    </step>\n    <step id=\"4\" name=\"Resolved\">\n      <meta name=\"jira.status.id\">5</meta>\n      <actions>\n<common-action id=\"3\" />\n        <action id=\"701\" name=\"Close Issue\" view=\"commentassign\">\n          <meta name=\"jira.i18n.submit\">closeissue.close</meta>\n          <meta name=\"jira.i18n.description\">closeissue.desc</meta>\n          <meta name=\"jira.i18n.title\">closeissue.title</meta>\n          <meta name=\"jira.description\">Closing an issue indicates there is no more work to be done on it, and it has been verified as complete.</meta>\n          <restrict-to>\n            <conditions>\n              <condition type=\"class\">\n                <arg name=\"class.name\">com.atlassian.jira.workflow.condition.PermissionCondition</arg>\n                <arg name=\"permission\">Close Issue</arg>\n              </condition>\n            </conditions>\n          </restrict-to>\n          <results>\n            <unconditional-result old-status=\"Finished\" status=\"Closed\" step=\"6\">\n              <post-functions>\n                <function type=\"class\">\n                  <arg name=\"class.name\">com.atlassian.jira.workflow.function.issue.UpdateIssueStatusFunction</arg>\n                </function>\n                <function type=\"class\">\n                  <arg name=\"class.name\">com.atlassian.jira.workflow.function.misc.CreateCommentFunction</arg>\n                </function>\n                <function type=\"class\">\n                  <arg name=\"class.name\">com.atlassian.jira.workflow.function.issue.GenerateChangeHistoryFunction</arg>\n                </function>\n                <function type=\"class\">\n                  <arg name=\"class.name\">com.atlassian.jira.workflow.function.issue.IssueReindexFunction</arg>\n                </function>\n                <function type=\"class\">\n                  <arg name=\"class.name\">com.atlassian.jira.workflow.function.event.FireIssueEventFunction</arg>\n                  <arg name=\"eventTypeId\">5</arg>\n                </function>\n              </post-functions>\n            </unconditional-result>\n          </results>\n        </action>\n      </actions>\n    </step>\n    <step id=\"5\" name=\"Reopened\">\n      <meta name=\"jira.status.id\">4</meta>\n      <actions>\n<common-action id=\"5\" />\n<common-action id=\"2\" />\n<common-action id=\"4\" />\n      </actions>\n    </step>\n    <step id=\"6\" name=\"Closed\">\n      <meta name=\"jira.status.id\">6</meta>\n      <actions>\n<common-action id=\"3\" />\n      </actions>\n    </step>\n    <step id=\"7\" name=\"Sub Progress\">\n      <meta name=\"jira.status.id\">10077</meta>\n      <actions>\n        <action id=\"711\" name=\"Resolve Issue\">\n          <meta name=\"jira.description\"></meta>\n          <results>\n            <unconditional-result old-status=\"Not Done\" status=\"Done\" step=\"4\">\n              <post-functions>\n                <function type=\"class\">\n                  <arg name=\"class.name\">com.atlassian.jira.workflow.function.issue.UpdateIssueStatusFunction</arg>\n                </function>\n                <function type=\"class\">\n                  <arg name=\"class.name\">com.atlassian.jira.workflow.function.misc.CreateCommentFunction</arg>\n                </function>\n                <function type=\"class\">\n                  <arg name=\"class.name\">com.atlassian.jira.workflow.function.issue.GenerateChangeHistoryFunction</arg>\n                </function>\n                <function type=\"class\">\n                  <arg name=\"class.name\">com.atlassian.jira.workflow.function.issue.IssueReindexFunction</arg>\n                </function>\n                <function type=\"class\">\n                  <arg name=\"class.name\">com.atlassian.jira.workflow.function.event.FireIssueEventFunction</arg>\n                  <arg name=\"eventTypeId\">13</arg>\n                </function>\n              </post-functions>\n            </unconditional-result>\n          </results>\n        </action>\n      </actions>\n    </step>\n    <step id=\"8\" name=\"Resolve Design\">\n      <meta name=\"jira.status.id\">10192</meta>\n      <actions>\n        <action id=\"721\" name=\"Resolve Issue\">\n          <meta name=\"jira.description\"></meta>\n          <results>\n            <unconditional-result old-status=\"Not Done\" status=\"Done\" step=\"4\">\n              <post-functions>\n                <function type=\"class\">\n                  <arg name=\"class.name\">com.atlassian.jira.workflow.function.issue.UpdateIssueStatusFunction</arg>\n                </function>\n                <function type=\"class\">\n                  <arg name=\"class.name\">com.atlassian.jira.workflow.function.misc.CreateCommentFunction</arg>\n                </function>\n                <function type=\"class\">\n                  <arg name=\"class.name\">com.atlassian.jira.workflow.function.issue.GenerateChangeHistoryFunction</arg>\n                </function>\n                <function type=\"class\">\n                  <arg name=\"class.name\">com.atlassian.jira.workflow.function.issue.IssueReindexFunction</arg>\n                </function>\n                <function type=\"class\">\n                  <arg name=\"class.name\">com.atlassian.jira.workflow.function.event.FireIssueEventFunction</arg>\n                  <arg name=\"eventTypeId\">13</arg>\n                </function>\n              </post-functions>\n            </unconditional-result>\n          </results>\n        </action>\n        <action id=\"781\" name=\"Reopen\">\n          <meta name=\"jira.description\"></meta>\n          <results>\n            <unconditional-result old-status=\"Not Done\" status=\"Done\" step=\"9\">\n              <post-functions>\n                <function type=\"class\">\n                  <arg name=\"class.name\">com.atlassian.jira.workflow.function.issue.UpdateIssueStatusFunction</arg>\n                </function>\n                <function type=\"class\">\n                  <arg name=\"class.name\">com.atlassian.jira.workflow.function.misc.CreateCommentFunction</arg>\n                </function>\n                <function type=\"class\">\n                  <arg name=\"class.name\">com.atlassian.jira.workflow.function.issue.GenerateChangeHistoryFunction</arg>\n                </function>\n                <function type=\"class\">\n                  <arg name=\"class.name\">com.atlassian.jira.workflow.function.issue.IssueReindexFunction</arg>\n                </function>\n                <function type=\"class\">\n                  <arg name=\"class.name\">com.atlassian.jira.workflow.function.event.FireIssueEventFunction</arg>\n                  <arg name=\"eventTypeId\">13</arg>\n                </function>\n              </post-functions>\n            </unconditional-result>\n          </results>\n        </action>\n      </actions>\n    </step>\n    <step id=\"9\" name=\"Reopen Design\">\n      <meta name=\"jira.status.id\">10193</meta>\n      <actions>\n        <action id=\"771\" name=\"Resolve Design\">\n          <meta name=\"jira.description\"></meta>\n          <results>\n            <unconditional-result old-status=\"Not Done\" status=\"Done\" step=\"8\">\n              <post-functions>\n                <function type=\"class\">\n                  <arg name=\"class.name\">com.atlassian.jira.workflow.function.issue.UpdateIssueStatusFunction</arg>\n                </function>\n                <function type=\"class\">\n                  <arg name=\"class.name\">com.atlassian.jira.workflow.function.misc.CreateCommentFunction</arg>\n                </function>\n                <function type=\"class\">\n                  <arg name=\"class.name\">com.atlassian.jira.workflow.function.issue.GenerateChangeHistoryFunction</arg>\n                </function>\n                <function type=\"class\">\n                  <arg name=\"class.name\">com.atlassian.jira.workflow.function.issue.IssueReindexFunction</arg>\n                </function>\n                <function type=\"class\">\n                  <arg name=\"class.name\">com.atlassian.jira.workflow.function.event.FireIssueEventFunction</arg>\n                  <arg name=\"eventTypeId\">13</arg>\n                </function>\n              </post-functions>\n            </unconditional-result>\n          </results>\n        </action>\n      </actions>\n    </step>\n  </steps>\n</workflow>\n',NULL);

insert  into customfield(ID,CUSTOMFIELDTYPEKEY,CUSTOMFIELDSEARCHERKEY,cfname,DESCRIPTION,defaultvalue,FIELDTYPE,PROJECT,ISSUETYPE) values ('10000','com.atlassian.jira.plugin.system.customfieldtypes:textfield','com.atlassian.jira.plugin.system.customfieldtypes:textsearcher','N° DFE','N° DFE Description',NULL,NULL,NULL,NULL);
insert  into customfield(ID,CUSTOMFIELDTYPEKEY,CUSTOMFIELDSEARCHERKEY,cfname,DESCRIPTION,defaultvalue,FIELDTYPE,PROJECT,ISSUETYPE) values ('10002','com.atlassian.jira.plugin.system.customfieldtypes:datepicker','com.atlassian.jira.plugin.system.customfieldtypes:daterange','Date démarrage prévue','Date de démarrage prévue pour la prestation',NULL,NULL,NULL,NULL);
insert  into customfield(ID,CUSTOMFIELDTYPEKEY,CUSTOMFIELDSEARCHERKEY,cfname,DESCRIPTION,defaultvalue,FIELDTYPE,PROJECT,ISSUETYPE) values ('10009','com.atlassian.jira.plugin.system.customfieldtypes:float','com.atlassian.jira.plugin.system.customfieldtypes:exactnumber','Délai levée réserves (jrs)','Délai de levée des réserves (en jours)',NULL,NULL,NULL,NULL);
insert  into customfield(ID,CUSTOMFIELDTYPEKEY,CUSTOMFIELDSEARCHERKEY,cfname,DESCRIPTION,defaultvalue,FIELDTYPE,PROJECT,ISSUETYPE) values ('10011','com.atlassian.jira.plugin.system.customfieldtypes:select','com.atlassian.jira.plugin.system.customfieldtypes:selectsearcher','Processus','Processus ',NULL,NULL,NULL,NULL);
insert  into customfield(ID,CUSTOMFIELDTYPEKEY,CUSTOMFIELDSEARCHERKEY,cfname,DESCRIPTION,defaultvalue,FIELDTYPE,PROJECT,ISSUETYPE) values ('10020','com.atlassian.jira.plugin.system.customfieldtypes:textarea','com.atlassian.jira.plugin.system.customfieldtypes:textsearcher','Description réserves','Description des réserves',NULL,NULL,NULL,NULL);
insert  into customfield(ID,CUSTOMFIELDTYPEKEY,CUSTOMFIELDSEARCHERKEY,cfname,DESCRIPTION,defaultvalue,FIELDTYPE,PROJECT,ISSUETYPE) values ('10021','com.atlassian.jira.plugin.system.customfieldtypes:url','com.atlassian.jira.plugin.system.customfieldtypes:exacttextsearcher','Classeur projet','Adresse URL du classeur projet',NULL,NULL,NULL,NULL);
insert  into customfield(ID,CUSTOMFIELDTYPEKEY,CUSTOMFIELDSEARCHERKEY,cfname,DESCRIPTION,defaultvalue,FIELDTYPE,PROJECT,ISSUETYPE) values ('10056','com.atlassian.jira.plugin.system.customfieldtypes:multicheckboxes','com.atlassian.jira.plugin.system.customfieldtypes:checkboxsearcher','Motif suspension','Motif de la suspension (Plusieurs choix possibles) ',NULL,NULL,NULL,NULL);
insert  into customfield(ID,CUSTOMFIELDTYPEKEY,CUSTOMFIELDSEARCHERKEY,cfname,DESCRIPTION,defaultvalue,FIELDTYPE,PROJECT,ISSUETYPE) values ('10104','com.atlassian.jira.plugin.system.customfieldtypes:datetime','com.atlassian.jira.plugin.system.customfieldtypes:datetimerange','Date de livraison','Date de livraison réelle ',NULL,NULL,NULL,NULL);
insert  into customfield(ID,CUSTOMFIELDTYPEKEY,CUSTOMFIELDSEARCHERKEY,cfname,DESCRIPTION,defaultvalue,FIELDTYPE,PROJECT,ISSUETYPE) values ('10108','com.atlassian.jira.plugin.system.customfieldtypes:radiobuttons','com.atlassian.jira.plugin.system.customfieldtypes:radiosearcher','Origine ','Origine de l''incident ',NULL,NULL,NULL,NULL);
insert  into customfield(ID,CUSTOMFIELDTYPEKEY,CUSTOMFIELDSEARCHERKEY,cfname,DESCRIPTION,defaultvalue,FIELDTYPE,PROJECT,ISSUETYPE) values ('10775','com.valiantys.jira.plugins.vertygo.jira-vertygosla-plugin:sla.be.cf','com.valiantys.jira.plugins.vertygo.jira-vertygosla-plugin:sladatasearcher.gti','SLA_PEC','Prise en compte',NULL,NULL,NULL,NULL);
insert  into customfield(ID,CUSTOMFIELDTYPEKEY,CUSTOMFIELDSEARCHERKEY,cfname,DESCRIPTION,defaultvalue,FIELDTYPE,PROJECT,ISSUETYPE) values ('10158','com.atlassian.jira.plugin.system.customfieldtypes:multiselect','com.atlassian.jira.plugin.system.customfieldtypes:multiselectsearcher','Région',NULL,NULL,NULL,NULL,NULL);
insert  into customfield(ID,CUSTOMFIELDTYPEKEY,CUSTOMFIELDSEARCHERKEY,cfname,DESCRIPTION,defaultvalue,FIELDTYPE,PROJECT,ISSUETYPE) values ('10001','com.atlassian.jira.plugin.system.customfieldtypes:textfield','com.atlassian.jira.plugin.system.customfieldtypes:textsearcher','cf-conflictA','cf-conflictA D',NULL,NULL,NULL,NULL);
insert  into customfield(ID,CUSTOMFIELDTYPEKEY,CUSTOMFIELDSEARCHERKEY,cfname,DESCRIPTION,defaultvalue,FIELDTYPE,PROJECT,ISSUETYPE) values ('10003','com.atlassian.jira.plugin.system.customfieldtypes:textfield','com.atlassian.jira.plugin.system.customfieldtypes:textsearcher','cf-conflictB','cf-conflictB D',NULL,NULL,NULL,NULL);
insert  into customfield(ID,CUSTOMFIELDTYPEKEY,CUSTOMFIELDSEARCHERKEY,cfname,DESCRIPTION,defaultvalue,FIELDTYPE,PROJECT,ISSUETYPE) values ('19003','com.atlassian.jira.plugin.system.customfieldtypes:cascadingselect','com.atlassian.jira.plugin.system.customfieldtypes:textsearcher','cf-cascading','cf-cascading',NULL,NULL,NULL,NULL);

insert  into customfieldoption(ID,CUSTOMFIELD,CUSTOMFIELDCONFIG,PARENTOPTIONID,SEQUENCE,customvalue,optiontype,disabled) values ('10048','10056','10082',NULL,'0','Décalage planning ',NULL,NULL);
insert  into customfieldoption(ID,CUSTOMFIELD,CUSTOMFIELDCONFIG,PARENTOPTIONID,SEQUENCE,customvalue,optiontype,disabled) values ('10049','10056','10082',NULL,'1','Demande révisée',NULL,NULL);
insert  into customfieldoption(ID,CUSTOMFIELD,CUSTOMFIELDCONFIG,PARENTOPTIONID,SEQUENCE,customvalue,optiontype,disabled) values ('10050','10056','10082',NULL,'2','Autre (à préciser) ',NULL,NULL);
insert  into customfieldoption(ID,CUSTOMFIELD,CUSTOMFIELDCONFIG,PARENTOPTIONID,SEQUENCE,customvalue,optiontype,disabled) values ('10090','10108','10138',NULL,'0','APP1',NULL,NULL);
insert  into customfieldoption(ID,CUSTOMFIELD,CUSTOMFIELDCONFIG,PARENTOPTIONID,SEQUENCE,customvalue,optiontype,disabled) values ('10091','10108','10138',NULL,'1','INC1',NULL,NULL);
insert  into customfieldoption(ID,CUSTOMFIELD,CUSTOMFIELDCONFIG,PARENTOPTIONID,SEQUENCE,customvalue,optiontype,disabled) values ('10190','10108','10139',NULL,'0','APP',NULL,NULL);
insert  into customfieldoption(ID,CUSTOMFIELD,CUSTOMFIELDCONFIG,PARENTOPTIONID,SEQUENCE,customvalue,optiontype,disabled) values ('10191','10108','10139',NULL,'1','INC',NULL,NULL);
insert  into customfieldoption(ID,CUSTOMFIELD,CUSTOMFIELDCONFIG,PARENTOPTIONID,SEQUENCE,customvalue,optiontype,disabled) values ('10192','10108','10140',NULL,'0','APP',NULL,NULL);
insert  into customfieldoption(ID,CUSTOMFIELD,CUSTOMFIELDCONFIG,PARENTOPTIONID,SEQUENCE,customvalue,optiontype,disabled) values ('10193','10108','10140',NULL,'1','INC',NULL,NULL);
insert  into customfieldoption(ID,CUSTOMFIELD,CUSTOMFIELDCONFIG,PARENTOPTIONID,SEQUENCE,customvalue,optiontype,disabled) values ('10200','10158','10189',NULL,'1','A',NULL,NULL);
insert  into customfieldoption(ID,CUSTOMFIELD,CUSTOMFIELDCONFIG,PARENTOPTIONID,SEQUENCE,customvalue,optiontype,disabled) values ('10201','10158','10189',NULL,'2','D',NULL,NULL);
insert  into customfieldoption(ID,CUSTOMFIELD,CUSTOMFIELDCONFIG,PARENTOPTIONID,SEQUENCE,customvalue,optiontype,disabled) values ('10202','10158','10189',NULL,'3','E',NULL,NULL);
insert  into customfieldoption(ID,CUSTOMFIELD,CUSTOMFIELDCONFIG,PARENTOPTIONID,SEQUENCE,customvalue,optiontype,disabled) values ('10203','10011','10190',NULL,'0','Value',NULL,NULL);
insert  into customfieldoption(ID,CUSTOMFIELD,CUSTOMFIELDCONFIG,PARENTOPTIONID,SEQUENCE,customvalue,optiontype,disabled) values ('10204','19003','10191',NULL,'0','CValue',NULL,NULL);

insert into propertystring (ID, propertyvalue) values('2','N° DFE Translate');
insert into propertystring (ID, propertyvalue) values('3','cf-conflictB');
insert into propertystring (ID, propertyvalue) values('4','Processus');
insert into propertyentry (ID, ENTITY_NAME, ENTITY_ID, PROPERTY_KEY) values('2','CustomField','10000','jira.translation.custom.fieldcustomfield_10000.name.fr_FR');
insert into propertyentry (ID, ENTITY_NAME, ENTITY_ID, PROPERTY_KEY) values('3','CustomField','10001','jira.translation.custom.fieldcustomfield_10001.name.fr_FR');
insert into propertyentry (ID, ENTITY_NAME, ENTITY_ID, PROPERTY_KEY) values('4','CustomField','10011','jira.translation.custom.fieldcustomfield_10001.name.fr_FR');

update pluginversion SET pluginversion='6.0.1' WHERE ID = 10075;

insert  into sequence_value_item(SEQ_NAME,SEQ_ID) values ('ChangeGroup','10100');
insert  into sequence_value_item(SEQ_NAME,SEQ_ID) values ('ChangeItem','10100');
insert  into sequence_value_item(SEQ_NAME,SEQ_ID) values ('Component','10120');
insert  into sequence_value_item(SEQ_NAME,SEQ_ID) values ('CustomField','10100');
insert  into sequence_value_item(SEQ_NAME,SEQ_ID) values ('Issue','10200');
insert  into sequence_value_item(SEQ_NAME,SEQ_ID) values ('OSCurrentStep','10200');
insert  into sequence_value_item(SEQ_NAME,SEQ_ID) values ('OSWorkflowEntry','10200');
insert  into sequence_value_item(SEQ_NAME,SEQ_ID) values ('Version','10120');


insert  into configurationcontext(ID,PROJECTCATEGORY,PROJECT,customfield,FIELDCONFIGSCHEME) values ('1',NULL,NULL,'customfield_10056','10082');
insert  into configurationcontext(ID,PROJECTCATEGORY,PROJECT,customfield,FIELDCONFIGSCHEME) values ('2',NULL,NULL,'customfield_10108','10138');
insert  into configurationcontext(ID,PROJECTCATEGORY,PROJECT,customfield,FIELDCONFIGSCHEME) values ('3',NULL,'10074','customfield_10108','10139');
insert  into configurationcontext(ID,PROJECTCATEGORY,PROJECT,customfield,FIELDCONFIGSCHEME) values ('4',NULL,NULL,'customfield_10158','10189');
insert  into configurationcontext(ID,PROJECTCATEGORY,PROJECT,customfield,FIELDCONFIGSCHEME) values ('5',NULL,NULL,'customfield_10011','10190');
insert  into configurationcontext(ID,PROJECTCATEGORY,PROJECT,customfield,FIELDCONFIGSCHEME) values ('6',NULL,'10000','customfield_10108','10140');
insert  into configurationcontext(ID,PROJECTCATEGORY,PROJECT,customfield,FIELDCONFIGSCHEME) values ('7',NULL,NULL,'customfield_19003','10191');
